Kantone,Wahljahr,Wahlbeteiligung,FDP,CVP,SP,SVP,LPS,EVP,PdA,GPS,GLP,BDP,LDU,FPS,Andere
Aargau,1973,49.5,19.3,23.9,22.2,14.5,0.0,4.8,0.0,0.0,0.0,0.0,5.2,0.0,0.0
Aargau,1977,51.3,21.0,23.2,24.6,14.5,0.0,5.1,0.0,0.0,0.0,0.0,5.4,0.0,0.0
Aargau,1981,39.5,22.4,24.6,24.1,16.9,0.0,5.5,0.0,0.0,0.0,0.0,3.8,0.0,0.0
Aargau,1985,39.1,23.7,23.3,20.5,15.9,0.0,4.4,0.0,0.0,0.0,0.0,3.6,0.0,0.0
Aargau,1989,35.7,20.2,20.7,17.7,15.6,0.0,4.7,0.0,6.5,0.0,0.0,3.0,7.6,0.0
Aargau,1993,45.0,19.6,17.8,19.9,17.1,0.0,4.8,0.0,4.4,0.0,0.0,2.9,9.5,0.0
Aargau,1997,31.7,19.6,17.3,21.7,21.9,0.0,4.3,0.0,3.5,0.0,0.0,1.4,4.5,0.0
Aargau,2001,42.0,19.0,15.0,18.6,33.5,0.0,4.9,0.0,4.0,0.0,0.0,0.0,2.0,0.0
Aargau,2005,33.2,16.9,17.5,19.7,30.3,0.0,5.7,0.0,6.7,0.0,0.0,0.0,0.4,0.0
Aargau,2009,31.7,14.3,15.0,15.7,31.9,0.0,4.5,0.0,8.9,3.5,3.1,0.0,0.0,0.0
Aargau,2012,31.9,15.4,13.3,15.2,32.0,0.0,3.9,0.0,7.4,5.5,4.4,0.0,0.0,0.0
Aargau,2016,32.8,16.0,12.1,18.9,31.9,0.0,4.0,0.0,7.1,5.3,2.7,0.0,0.0,0.0
Aargau,2020,33.0,14.8,12.8,16.3,30.1,0.0,4.2,0.0,9.8,9.2,0.0,0.0,0.0,0.0
Appenzell A. Rh.,1975,0.0,0.0,0.0,0.0,0.0,0.0,0.0,0.0,0.0,0.0,0.0,0.0,0.0,0.0
Appenzell A. Rh.,1978,0.0,0.0,0.0,0.0,0.0,0.0,0.0,0.0,0.0,0.0,0.0,0.0,0.0,0.0
Appenzell A. Rh.,1981,0.0,0.0,0.0,0.0,0.0,0.0,0.0,0.0,0.0,0.0,0.0,0.0,0.0,0.0
Appenzell A. Rh.,1984,0.0,0.0,0.0,0.0,0.0,0.0,0.0,0.0,0.0,0.0,0.0,0.0,0.0,0.0
Appenzell A. Rh.,1987,0.0,0.0,0.0,0.0,0.0,0.0,0.0,0.0,0.0,0.0,0.0,0.0,0.0,0.0
Appenzell A. Rh.,1990,0.0,0.0,0.0,0.0,0.0,0.0,0.0,0.0,0.0,0.0,0.0,0.0,0.0,0.0
Appenzell A. Rh.,1993,0.0,0.0,0.0,0.0,0.0,0.0,0.0,0.0,0.0,0.0,0.0,0.0,0.0,0.0
Appenzell A. Rh.,1999,0.0,0.0,0.0,0.0,0.0,0.0,0.0,0.0,0.0,0.0,0.0,0.0,0.0,0.0
Appenzell A. Rh.,2003,0.0,0.0,0.0,0.0,0.0,0.0,0.0,0.0,0.0,0.0,0.0,0.0,0.0,0.0
Appenzell A. Rh.,2007,0.0,0.0,0.0,0.0,0.0,0.0,0.0,0.0,0.0,0.0,0.0,0.0,0.0,0.0
Appenzell A. Rh.,2011,36.2,33.8,4.2,11.0,17.2,0.0,2.2,0.0,0.4,0.0,0.0,0.0,0.0,0.0
Appenzell A. Rh.,2015,36.1,35.5,6.0,11.5,16.3,0.0,2.1,0.0,0.0,0.0,0.0,0.0,0.0,0.0
Appenzell A. Rh.,2019,35.9,36.7,4.4,14.7,12.2,0.0,2.6,0.0,0.0,0.0,0.0,0.0,0.0,0.0
Appenzell I. Rh.,1975,0.0,0.0,0.0,0.0,0.0,0.0,0.0,0.0,0.0,0.0,0.0,0.0,0.0,0.0
Appenzell I. Rh.,1979,0.0,0.0,0.0,0.0,0.0,0.0,0.0,0.0,0.0,0.0,0.0,0.0,0.0,0.0
Appenzell I. Rh.,1983,0.0,0.0,0.0,0.0,0.0,0.0,0.0,0.0,0.0,0.0,0.0,0.0,0.0,0.0
Appenzell I. Rh.,1987,0.0,0.0,0.0,0.0,0.0,0.0,0.0,0.0,0.0,0.0,0.0,0.0,0.0,0.0
Appenzell I. Rh.,1991,0.0,0.0,0.0,0.0,0.0,0.0,0.0,0.0,0.0,0.0,0.0,0.0,0.0,0.0
Appenzell I. Rh.,1995,0.0,0.0,0.0,0.0,0.0,0.0,0.0,0.0,0.0,0.0,0.0,0.0,0.0,0.0
Appenzell I. Rh.,1999,0.0,0.0,0.0,0.0,0.0,0.0,0.0,0.0,0.0,0.0,0.0,0.0,0.0,0.0
Appenzell I. Rh.,2003,0.0,0.0,0.0,0.0,0.0,0.0,0.0,0.0,0.0,0.0,0.0,0.0,0.0,0.0
Appenzell I. Rh.,2007,0.0,0.0,0.0,0.0,0.0,0.0,0.0,0.0,0.0,0.0,0.0,0.0,0.0,0.0
Appenzell I. Rh.,2011,0.0,0.0,0.0,0.0,0.0,0.0,0.0,0.0,0.0,0.0,0.0,0.0,0.0,0.0
Appenzell I. Rh.,2015,0.0,0.0,0.0,0.0,0.0,0.0,0.0,0.0,0.0,0.0,0.0,0.0,0.0,0.0
Appenzell I. Rh.,2019,0.0,0.0,0.0,0.0,0.0,0.0,0.0,0.0,0.0,0.0,0.0,0.0,0.0,0.0
Basel-Landschaft,1975,39.1,23.2,12.6,24.4,8.2,0.0,4.9,1.1,0.0,0.0,0.0,7.2,0.0,0.0
Basel-Landschaft,1979,36.6,27.7,13.1,30.4,12.3,1.6,3.6,0.9,0.0,0.0,0.0,4.3,0.0,0.0
Basel-Landschaft,1983,41.2,26.0,15.6,25.9,10.8,3.4,5.6,0.2,0.0,0.0,0.0,3.7,0.0,0.0
Basel-Landschaft,1987,41.6,24.5,13.5,24.1,10.4,1.4,5.6,0.0,12.4,0.0,0.0,3.3,0.0,0.0
Basel-Landschaft,1991,38.3,25.6,14.0,22.6,11.7,0.0,4.4,0.0,11.1,0.0,0.0,1.3,2.0,0.0
Basel-Landschaft,1995,36.1,26.1,14.0,23.6,11.7,0.0,5.0,0.0,8.4,0.0,0.0,0.9,1.0,0.0
Basel-Landschaft,1999,33.3,23.6,13.0,24.8,15.9,0.0,5.0,0.0,7.1,0.0,0.0,0.0,0.0,0.0
Basel-Landschaft,2003,34.0,21.3,11.3,25.9,21.8,0.0,4.7,0.0,9.4,0.0,0.0,0.0,0.0,0.0
Basel-Landschaft,2007,37.0,20.9,12.1,22.9,22.5,0.0,5.6,0.0,12.0,0.0,0.0,0.0,0.0,0.0
Basel-Landschaft,2011,35.1,15.2,9.3,22.0,24.0,0.0,4.7,0.0,13.7,4.5,5.5,0.0,0.0,0.0
Basel-Landschaft,2015,33.8,19.0,9.6,22.0,26.7,0.0,5.4,0.0,9.6,4.4,3.3,0.0,0.0,0.0
Basel-Landschaft,2019,33.9,17.0,9.3,22.8,22.7,0.0,4.9,0.0,15.2,4.5,1.5,0.0,0.0,0.0
Basel-Stadt,1972,44.5,11.3,13.1,25.6,0.8,14.4,5.8,6.4,0.0,0.0,0.0,9.0,0.0,0.0
Basel-Stadt,1976,44.0,13.2,12.7,28.6,0.0,14.8,5.9,5.3,0.0,0.0,0.0,6.7,0.0,0.0
Basel-Stadt,1980,39.5,15.6,13.1,26.5,0.0,13.7,7.3,4.4,0.0,0.0,0.0,5.2,0.0,0.0
Basel-Stadt,1984,42.2,15.2,11.9,19.9,0.0,10.1,8.3,2.6,0.8,0.0,0.0,5.4,0.0,0.0
Basel-Stadt,1988,41.5,13.9,10.6,18.3,0.0,11.0,6.2,2.0,2.4,0.0,0.0,5.7,0.0,0.0
Basel-Stadt,1992,45.6,15.2,10.4,21.1,1.1,11.9,5.3,1.4,3.5,0.0,0.0,2.5,2.6,0.0
Basel-Stadt,1996,42.8,12.4,9.5,27.0,0.7,10.7,5.8,0.0,9.4,0.0,0.0,0.0,0.0,0.0
Basel-Stadt,2000,41.4,12.6,9.9,26.0,10.0,11.3,5.6,1.4,9.2,0.0,0.0,0.0,0.0,0.0
Basel-Stadt,2004,44.4,11.7,8.1,31.2,12.1,8.6,5.5,0.0,10.9,0.0,0.0,0.0,0.0,0.0
Basel-Stadt,2008,38.9,10.1,9.3,28.2,13.9,9.0,5.2,0.0,13.0,5.1,0.0,0.0,0.0,0.0
Basel-Stadt,2012,41.6,11.1,7.3,30.7,15.0,9.6,4.2,0.0,11.8,5.0,1.1,0.0,0.0,0.0
Basel-Stadt,2016,41.7,9.2,5.9,32.5,14.3,13.8,1.4,0.0,13.4,4.3,0.0,0.0,0.0,0.0
Basel-Stadt,2020,43.5,8.4,6.3,30.0,11.0,14.1,3.6,0.3,16.6,7.8,0.0,0.0,0.0,0.0
Bern,1974,48.2,19.0,5.9,28.1,34.3,0.0,2.6,0.2,0.0,0.0,0.0,2.1,0.0,0.0
Bern,1978,47.3,17.1,2.1,30.0,38.3,0.0,2.1,0.1,0.0,0.0,0.0,1.9,0.0,0.0
Bern,1982,46.1,19.4,2.4,25.9,37.3,0.0,4.1,0.0,0.0,0.0,0.0,1.7,0.0,0.0
Bern,1986,38.7,18.8,2.7,22.9,31.5,0.0,4.3,0.1,7.8,0.0,0.0,2.3,0.0,0.0
Bern,1990,38.0,17.0,1.6,24.7,32.3,0.0,3.4,0.0,9.4,0.0,0.0,1.7,1.9,0.0
Bern,1994,35.1,17.3,1.2,24.1,32.5,0.0,4.0,0.0,6.6,0.0,0.0,1.4,4.0,0.0
Bern,1998,30.7,18.0,0.9,25.9,31.7,0.0,4.4,0.0,4.8,0.0,0.0,0.7,2.3,0.0
Bern,2002,29.5,17.5,1.0,26.1,31.8,0.0,6.0,0.0,8.0,0.0,0.0,0.0,0.3,0.0
Bern,2006,31.0,16.4,1.8,24.0,27.4,0.0,7.3,0.4,12.9,0.0,0.0,0.0,0.5,0.0
Bern,2010,32.3,10.3,1.3,18.9,26.6,0.0,5.9,0.0,10.1,4.1,16.0,0.0,0.0,0.0
Bern,2014,32.1,10.7,0.8,19.1,29.0,0.0,6.4,0.2,10.1,6.7,11.2,0.0,0.0,0.0
Bern,2018,30.5,11.7,0.4,22.3,26.8,0.0,6.2,0.2,9.8,6.9,9.0,0.0,0.0,0.0
Freiburg,1971,56.8,23.1,44.4,20.8,6.5,0.0,0.0,0.0,0.0,0.0,0.0,0.0,0.0,0.0
Freiburg,1976,60.1,23.6,44.3,22.0,6.7,0.0,0.0,0.0,0.0,0.0,0.0,0.0,0.0,0.0
Freiburg,1981,57.7,22.1,36.5,25.3,6.5,0.9,0.0,0.0,0.0,0.0,0.0,0.0,0.0,0.0
Freiburg,1986,50.1,21.3,39.4,23.3,7.8,0.0,0.0,0.0,0.0,0.0,0.0,0.0,0.0,0.0
Freiburg,1991,47.2,19.0,35.4,20.2,8.9,0.0,0.0,0.0,0.0,0.0,0.0,0.0,0.0,0.0
Freiburg,1996,44.0,20.5,33.6,23.2,8.4,0.0,0.4,0.0,1.3,0.0,0.0,0.0,0.0,0.0
Freiburg,2001,41.5,20.6,33.5,19.6,11.8,0.0,0.4,0.0,0.8,0.0,0.0,0.0,0.0,0.0
Freiburg,2006,40.7,18.6,30.6,21.0,16.0,0.0,0.1,0.0,2.9,0.0,0.0,0.0,0.0,0.0
Freiburg,2011,43.4,15.3,26.6,24.3,18.6,0.0,0.4,0.0,3.7,2.9,1.7,0.0,0.0,0.0
Freiburg,2016,39.3,18.2,23.7,23.6,19.7,0.0,0.0,0.0,3.4,1.9,0.2,0.0,0.0,0.0
Freiburg,2021,37.8,19.8,22.1,18.2,16.4,0.0,0.0,0.0,10.6,4.1,0.0,0.0,0.0,0.0
Genf,1973,44.4,20.0,15.8,17.4,0.0,14.8,0.0,16.4,0.0,0.0,0.0,4.4,0.0,0.0
Genf,1977,41.8,15.7,13.5,22.7,0.0,18.2,0.0,14.6,0.0,0.0,0.0,0.0,0.0,0.0
Genf,1981,38.7,18.1,13.2,25.4,0.0,23.9,0.0,10.4,0.0,0.0,0.0,0.0,0.0,0.0
Genf,1985,39.7,14.3,12.7,16.8,0.0,19.0,0.0,8.2,8.2,0.0,0.0,0.0,0.0,0.0
Genf,1989,40.2,11.8,12.7,19.0,1.6,20.0,0.0,8.0,12.3,0.0,0.0,0.0,6.3,0.0
Genf,1993,35.4,13.4,12.5,13.8,2.3,24.7,0.0,19.0,7.9,0.0,0.0,0.0,0.0,0.0
Genf,1997,39.1,13.3,11.2,20.6,0.0,21.4,0.0,17.3,9.3,0.0,0.0,0.0,0.0,0.0
Genf,2001,36.3,11.2,11.7,17.8,10.4,22.3,0.0,13.0,11.2,0.0,0.0,0.0,0.0,0.0
Genf,2005,40.7,10.5,9.8,14.6,9.6,19.1,0.0,6.9,13.8,0.0,0.0,0.0,0.0,0.0
Genf,2009,39.4,9.6,9.9,12.9,8.6,16.7,0.0,0.0,15.3,0.0,0.0,0.0,0.0,0.0
Genf,2013,40.5,22.4,10.6,14.3,10.3,0.0,0.0,0.0,9.2,3.1,0.6,0.0,0.0,0.0
Genf,2018,37.7,25.2,10.7,15.3,7.3,0.0,0.0,0.0,13.2,1.6,0.5,0.0,0.0,0.0
Glarus,1974,54.9,30.8,18.6,19.2,28.4,0.0,0.0,0.0,0.0,0.0,0.0,0.0,0.0,0.0
Glarus,1978,61.6,30.0,20.8,21.5,26.7,0.0,0.0,0.0,0.0,0.0,0.0,0.0,0.0,0.0
Glarus,1982,56.2,30.4,20.2,19.7,28.1,0.0,0.0,0.0,0.0,0.0,0.0,0.0,0.0,0.0
Glarus,1986,54.3,30.4,19.8,17.8,27.1,0.0,0.0,0.0,0.0,0.0,0.0,0.0,0.0,0.0
Glarus,1990,48.9,28.5,18.2,16.1,26.6,0.0,0.0,0.0,7.3,0.0,0.0,0.0,0.0,0.0
Glarus,1994,45.4,31.0,16.6,16.9,26.6,0.0,0.0,0.0,6.0,0.0,0.0,0.0,0.0,0.0
Glarus,1998,46.6,30.5,14.6,15.6,26.6,0.0,0.0,0.0,4.4,0.0,0.0,0.0,0.0,0.0
Glarus,2002,42.7,30.8,14.0,18.7,26.3,0.0,0.0,0.0,7.2,0.0,0.0,0.0,0.0,0.0
Glarus,2006,36.4,29.5,14.0,14.7,31.0,0.0,0.0,0.0,8.0,0.0,0.0,0.0,0.0,0.0
Glarus,2010,32.1,20.3,10.7,13.9,26.3,0.0,0.0,0.0,11.9,0.0,16.6,0.0,0.0,0.0
Glarus,2014,32.3,19.5,8.9,11.5,28.8,0.0,0.0,0.0,11.4,3.9,15.8,0.0,0.0,0.0
Glarus,2018,29.5,18.4,9.4,12.8,25.3,0.0,0.0,0.0,12.4,6.0,14.1,0.0,0.0,0.0
Graubünden,1975,0.0,25.8,32.5,5.8,0.0,0.0,0.0,0.0,0.0,0.0,35.0,0.0,0.0,0.0
Graubünden,1979,0.0,23.3,32.5,7.5,0.0,0.0,0.0,0.0,0.0,0.0,35.0,0.0,0.0,0.0
Graubünden,1983,0.0,23.3,30.0,7.5,0.0,0.0,0.0,0.0,0.0,0.0,35.0,0.0,0.0,0.0
Graubünden,1987,0.0,25.0,31.7,8.3,0.0,0.0,0.0,0.0,0.0,0.0,33.3,0.0,0.0,0.0
Graubünden,1991,0.0,20.0,32.6,6.7,0.0,0.0,0.0,0.0,0.0,0.0,35.0,0.0,0.0,0.0
Graubünden,1994,0.0,21.7,31.7,5.8,0.0,0.0,0.0,0.0,0.0,0.0,34.2,0.0,0.0,0.0
Graubünden,1997,0.0,22.5,31.7,8.3,0.0,0.0,0.0,0.0,0.0,0.0,33.3,0.0,0.0,0.0
Graubünden,2000,0.0,28.3,30.8,10.8,0.0,0.0,0.0,0.0,0.0,0.0,27.5,0.0,0.0,0.0
Graubünden,2003,0.0,24.2,33.3,10.8,0.0,0.0,0.0,0.0,0.0,0.0,27.5,0.0,0.0,0.0
Graubünden,2006,0.0,27.5,29.2,11.7,0.0,0.0,0.0,0.0,0.0,0.0,26.7,0.0,0.0,0.0
Graubünden,2010,0.0,31.7,27.5,10.0,3.3,0.0,0.0,0.0,0.0,1.7,21.7,0.0,0.0,0.0
Graubünden,2014,0.0,27.5,25.8,12.5,7.5,0.0,0.0,0.0,0.0,1.7,23.3,0.0,0.0,0.0
Graubünden,2018,0.0,30.0,25.0,15.0,7.5,0.0,0.0,0.0,0.0,2.5,19.1,0.0,0.0,0.0
Jura,1978,81.1,23.7,32.5,18.1,2.8,0.0,0.0,3.3,0.0,0.0,0.0,0.0,0.0,0.0
Jura,1982,73.1,26.3,31.8,18.2,2.3,0.0,0.0,2.6,0.0,0.0,0.0,0.0,0.0,0.0
Jura,1986,66.3,29.1,34.0,18.7,1.8,0.0,0.0,2.1,0.0,0.0,0.0,0.0,0.0,0.0
Jura,1990,61.6,25.9,34.1,19.4,1.9,0.0,0.0,1.2,0.0,0.0,0.0,0.0,0.0,0.0
Jura,1994,61.6,25.9,33.8,19.9,2.0,0.0,0.0,0.0,1.2,0.0,0.0,0.0,0.0,0.0
Jura,1998,54.6,23.6,31.7,21.9,2.3,0.0,0.0,2.1,0.0,0.0,0.0,0.0,0.0,0.0
Jura,2002,54.2,20.8,31.3,23.9,5.2,0.0,0.0,0.0,0.0,0.0,0.0,0.0,0.0,0.0
Jura,2006,51.0,19.2,30.1,19.8,5.8,0.0,0.0,0.0,5.0,0.0,0.0,0.0,0.0,0.0
Jura,2010,48.9,14.5,28.9,21.2,6.4,0.0,0.0,0.0,8.3,0.0,0.0,0.0,0.0,0.0
Jura,2015,50.6,15.4,26.8,20.0,8.5,0.0,0.0,0.0,7.7,0.0,0.0,0.0,0.0,0.0
Jura,2020,43.9,13.5,24.4,20.2,6.7,0.0,0.6,0.0,11.5,4.5,0.0,0.0,0.0,0.0
Luzern,1975,68.2,31.6,50.0,7.5,0.0,0.0,0.0,0.0,0.0,0.0,0.0,4.6,0.0,0.0
Luzern,1979,64.1,33.3,50.9,7.9,0.0,0.0,0.0,0.0,0.0,0.0,0.0,2.4,0.0,0.0
Luzern,1983,63.8,32.6,51.1,7.1,0.0,0.0,0.0,0.0,0.0,0.0,0.0,1.4,0.0,0.0
Luzern,1987,56.9,32.3,49.2,6.2,0.0,0.0,0.0,0.0,0.0,0.0,0.0,0.8,0.0,0.0
Luzern,1991,51.9,32.3,48.6,9.5,0.0,0.0,0.0,0.0,6.5,0.0,0.0,0.2,0.0,0.0
Luzern,1995,49.7,29.2,43.4,9.2,7.6,0.0,0.0,0.0,6.5,0.0,0.0,0.0,1.2,0.0
Luzern,1999,51.8,25.7,39.8,9.6,17.0,0.0,0.0,0.0,5.7,0.0,0.0,0.0,0.5,0.0
Luzern,2003,46.0,22.7,35.9,11.6,19.9,0.0,0.2,0.0,5.6,0.0,0.0,0.0,0.0,0.0
Luzern,2007,44.8,23.1,37.3,10.7,18.2,0.0,0.5,0.0,7.3,0.0,0.0,0.0,0.0,0.0
Luzern,2011,43.5,18.9,31.3,11.0,22.1,0.0,0.0,0.0,8.7,5.9,1.7,0.0,0.0,0.0
Luzern,2015,38.7,21.0,30.9,11.8,24.1,0.0,0.2,0.0,6.7,4.3,0.9,0.0,0.0,0.0
Luzern,2019,41.5,19.6,27.5,13.8,19.6,0.0,0.6,0.0,11.7,6.5,0.3,0.0,0.0,0.0
Neuenburg,1973,43.5,29.1,0.0,33.5,0.0,21.4,0.0,7.4,0.0,0.0,0.0,0.0,0.0,0.0
Neuenburg,1977,45.7,25.1,0.0,34.5,0.0,22.4,0.0,8.3,0.0,0.0,0.0,3.3,0.0,0.0
Neuenburg,1981,50.1,25.1,0.0,37.6,0.0,27.3,0.0,5.3,0.0,0.0,0.0,3.8,0.0,0.0
Neuenburg,1985,40.5,25.3,0.0,32.4,0.0,30.6,0.0,3.9,4.7,0.0,0.0,2.3,0.0,0.0
Neuenburg,1989,41.2,22.3,0.0,37.0,0.0,29.4,0.0,4.3,4.6,0.0,0.0,1.6,0.0,0.0
Neuenburg,1993,37.3,25.1,0.0,31.2,0.0,33.4,0.0,4.0,5.4,0.0,0.0,0.0,0.0,0.0
Neuenburg,1997,37.7,21.2,0.6,33.0,0.0,33.0,0.0,5.8,4.6,0.0,0.0,0.0,0.0,0.0
Neuenburg,2001,44.1,21.9,0.0,31.6,0.0,29.9,0.0,6.7,7.5,0.0,0.0,0.0,0.0,0.0
Neuenburg,2005,44.2,13.1,0.8,32.1,15.6,21.1,0.0,5.3,9.6,0.0,0.0,0.0,0.0,0.0
Neuenburg,2009,36.9,33.2,3.2,28.2,12.7,0.0,0.7,3.0,12.6,0.0,0.0,0.0,0.0,0.0
Neuenburg,2013,30.8,28.7,2.7,26.5,16.9,0.0,0.0,2.8,11.2,4.8,0.8,0.0,0.0,0.0
Neuenburg,2017,33.4,33.4,2.7,23.6,11.5,0.0,0.0,8.3,14.9,4.4,0.0,0.0,0.0,0.0
Neuenburg,2021,31.7,29.9,4.0,19.7,8.1,0.0,0.7,7.7,18.3,8.2,0.0,0.0,0.0,0.0
Nidwalden,1974,0.0,30.0,70.0,0.0,0.0,0.0,0.0,0.0,0.0,0.0,0.0,0.0,0.0,0.0
Nidwalden,1978,0.0,30.0,70.0,0.0,0.0,0.0,0.0,0.0,0.0,0.0,0.0,0.0,0.0,0.0
Nidwalden,1982,59.6,37.6,53.0,5.5,0.0,0.0,0.0,0.0,0.0,0.0,0.0,0.0,0.0,0.0
Nidwalden,1986,49.9,40.7,48.1,3.7,0.0,0.0,0.0,0.0,0.0,0.0,0.0,0.0,0.0,0.0
Nidwalden,1990,57.4,37.3,44.8,0.0,0.0,0.0,0.0,0.0,0.0,0.0,0.0,0.0,0.0,0.0
Nidwalden,1994,46.6,36.3,47.9,0.0,0.0,0.0,0.0,0.0,0.0,0.0,0.0,0.0,0.0,0.0
Nidwalden,1998,49.0,37.0,47.5,0.0,0.0,0.0,0.0,0.0,0.0,0.0,0.0,0.0,0.0,0.0
Nidwalden,2002,59.7,30.8,37.3,0.0,12.4,0.0,0.0,0.0,0.0,0.0,0.0,0.0,0.0,0.0
Nidwalden,2006,43.9,28.6,34.4,3.1,19.5,0.0,0.0,0.0,10.2,0.0,0.0,0.0,0.0,0.0
Nidwalden,2010,52.9,27.8,31.1,2.1,26.6,0.0,0.0,0.0,11.9,0.0,0.0,0.0,0.0,0.0
Nidwalden,2014,49.9,24.2,29.1,4.8,29.1,0.0,0.0,0.0,12.8,0.0,0.0,0.0,0.0,0.0
Nidwalden,2018,54.9,28.0,26.8,4.5,25.9,0.0,0.0,0.0,13.4,0.0,0.0,0.0,0.0,0.0
Obwalden,1974,51.3,27.3,61.8,0.0,0.0,0.0,0.0,0.0,0.0,0.0,0.0,0.0,0.0,0.0
Obwalden,1978,51.2,23.6,60.0,0.0,0.0,0.0,0.0,0.0,0.0,0.0,0.0,0.0,0.0,0.0
Obwalden,1982,48.2,25.5,47.3,0.0,0.0,0.0,0.0,0.0,0.0,0.0,0.0,0.0,0.0,0.0
Obwalden,1986,58.8,24.1,62.8,0.0,0.0,0.0,0.0,0.0,0.0,0.0,0.0,0.0,0.0,0.0
Obwalden,1990,50.3,25.1,63.1,0.0,0.0,0.0,0.0,0.0,0.0,0.0,0.0,0.0,0.2,0.0
Obwalden,1994,42.7,25.2,65.4,0.0,0.0,0.0,0.0,0.0,0.0,0.0,0.0,0.0,0.2,0.0
Obwalden,1998,43.1,24.8,63.6,10.2,0.0,0.0,0.0,0.0,0.0,0.0,0.0,0.0,0.0,0.0
Obwalden,2002,58.6,20.9,50.4,15.3,13.4,0.0,0.0,0.0,0.0,0.0,0.0,0.0,0.0,0.0
Obwalden,2006,41.5,20.9,35.2,13.1,13.8,0.0,0.0,0.0,0.0,0.0,0.0,0.0,0.0,0.0
Obwalden,2010,52.1,17.9,33.8,10.9,21.1,0.0,0.0,0.0,0.0,0.0,0.0,0.0,0.0,0.0
Obwalden,2014,46.2,17.0,32.1,12.8,24.5,0.0,0.0,0.0,0.0,0.0,0.0,0.0,0.0,0.0
Obwalden,2018,53.8,17.2,29.8,15.1,24.5,0.0,0.0,0.0,0.0,0.0,0.0,0.0,0.0,0.0
Schaffhausen,1972,77.6,23.4,9.2,32.4,20.6,0.0,2.2,0.0,0.0,0.0,0.0,6.1,0.0,0.0
Schaffhausen,1976,76.2,21.5,9.8,29.5,20.3,0.0,2.9,0.0,0.0,0.0,0.0,7.3,0.0,0.0
Schaffhausen,1980,71.3,22.0,10.4,30.9,20.7,0.0,4.1,0.0,0.0,0.0,0.0,5.9,0.0,0.0
Schaffhausen,1984,70.3,23.1,9.7,30.6,22.8,0.0,3.7,0.0,0.0,0.0,0.0,4.8,0.0,0.0
Schaffhausen,1988,64.9,18.8,7.7,29.5,20.5,0.0,2.1,0.0,0.0,0.0,0.0,3.1,11.4,0.0
Schaffhausen,1992,60.9,19.8,5.6,25.2,22.2,0.0,1.9,0.0,0.0,0.0,0.0,0.0,9.5,0.0
Schaffhausen,1996,56.4,20.9,5.5,27.7,27.2,0.0,1.9,0.0,5.0,0.0,0.0,0.0,5.7,0.0
Schaffhausen,2000,59.2,20.9,5.4,26.6,33.6,0.0,2.0,0.0,7.5,0.0,0.0,0.0,0.0,0.0
Schaffhausen,2004,60.9,17.1,4.6,27.2,35.6,0.0,1.4,0.0,8.2,0.0,0.0,0.0,0.0,0.0
Schaffhausen,2008,53.8,22.2,5.1,23.0,32.6,0.0,2.4,0.0,8.3,0.0,0.0,0.0,0.0,0.0
Schaffhausen,2012,54.0,18.3,4.9,22.6,33.6,0.0,2.2,0.0,7.4,0.0,0.0,0.0,0.0,0.0
Schaffhausen,2016,53.9,15.5,3.7,22.8,35.1,0.0,2.4,0.0,3.9,5.7,0.0,0.0,0.0,0.0
Schaffhausen,2020,57.0,14.1,3.2,19.7,33.4,0.0,2.6,0.0,8.9,8.6,0.0,0.0,0.0,0.0
Schwyz,1972,0.0,30.7,47.0,18.5,1.9,0.0,0.0,0.0,0.0,0.0,0.0,0.0,0.0,0.0
Schwyz,1976,51.9,30.2,46.4,18.0,2.3,0.0,0.0,0.0,0.0,0.0,0.0,0.0,0.0,0.0
Schwyz,1980,45.2,29.0,49.7,15.5,4.3,0.0,0.0,0.0,0.0,0.0,0.0,0.0,0.0,0.0
Schwyz,1984,43.1,27.2,48.0,14.5,4.1,0.0,0.0,0.0,0.0,0.0,0.0,0.0,0.0,0.0
Schwyz,1988,39.7,28.3,44.2,13.0,5.7,0.0,0.0,0.0,6.7,0.0,0.0,0.0,2.1,0.0
Schwyz,1992,39.4,32.8,42.3,12.1,7.6,0.0,0.0,0.0,3.6,0.0,0.0,0.0,0.0,0.0
Schwyz,1996,32.8,29.2,37.9,14.0,15.2,0.0,0.0,0.0,0.0,0.0,0.0,0.0,0.9,0.0
Schwyz,2000,47.3,27.1,39.0,12.2,20.7,0.0,0.0,0.0,0.0,0.0,0.0,0.0,0.0,0.0
Schwyz,2004,40.3,23.0,32.0,15.2,29.1,0.0,0.0,0.0,0.0,0.0,0.0,0.0,0.0,0.0
Schwyz,2008,41.3,19.6,29.8,8.8,37.5,0.0,0.0,0.0,0.0,0.0,0.0,0.0,0.0,0.0
Schwyz,2012,45.1,22.8,29.1,10.8,34.0,0.0,0.0,0.0,0.0,0.0,0.0,0.0,0.0,0.0
Schwyz,2016,37.7,21.6,27.2,8.3,33.1,0.0,0.3,0.0,0.0,2.5,0.0,0.0,0.0,0.0
Schwyz,2020,35.8,20.2,24.0,6.2,33.2,0.0,0.0,0.0,0.0,5.8,0.0,0.0,0.0,0.0
Solothurn,1973,64.5,42.7,27.7,25.6,0.0,0.0,0.0,0.0,0.0,0.0,0.0,2.5,0.0,0.0
Solothurn,1977,60.0,43.6,28.8,25.3,0.0,0.0,0.0,0.0,0.0,0.0,0.0,0.0,0.0,0.0
Solothurn,1981,55.7,43.8,30.7,23.0,0.0,0.0,0.0,0.0,0.0,0.0,0.0,0.2,0.0,0.0
Solothurn,1985,59.5,42.7,29.1,23.4,0.0,0.0,0.0,0.0,0.0,0.0,0.0,0.8,0.0,0.0
Solothurn,1989,55.8,36.8,27.6,22.2,0.0,0.0,0.3,0.0,0.0,0.0,0.0,1.8,5.0,0.0
Solothurn,1993,51.7,34.6,25.8,23.6,1.7,0.0,0.2,0.0,5.3,0.0,0.0,0.6,6.4,0.0
Solothurn,1997,48.1,35.3,24.4,25.1,6.4,0.0,0.0,0.0,4.5,0.0,0.0,0.0,4.0,0.0
Solothurn,2001,50.4,35.2,22.0,25.2,15.5,0.0,0.0,0.0,0.9,0.0,0.0,0.0,0.0,0.0
Solothurn,2005,42.3,29.0,21.5,24.9,17.6,0.0,1.7,0.0,4.5,0.0,0.0,0.0,0.0,0.0
Solothurn,2009,36.8,26.8,20.8,20.7,19.4,0.0,1.8,0.0,6.5,3.7,0.0,0.0,0.0,0.0
Solothurn,2013,43.3,24.8,18.4,19.1,20.2,0.0,1.4,0.0,7.7,5.3,2.9,0.0,0.0,0.0
Solothurn,2017,35.3,24.6,18.9,19.9,19.7,0.0,1.1,0.0,6.1,4.2,2.2,0.0,0.0,0.0
Solothurn,2021,44.2,22.7,17.6,19.3,21.0,0.0,1.9,0.0,10.3,7.0,0.0,0.0,0.0,0.0
St. Gallen,1972,55.8,28.4,46.2,13.0,0.1,0.0,0.8,0.0,0.0,0.0,0.0,5.8,0.0,0.0
St. Gallen,1976,47.6,27.7,45.5,15.4,0.0,0.0,1.7,0.0,0.0,0.0,0.0,5.8,0.0,0.0
St. Gallen,1980,44.1,29.4,48.8,15.9,0.2,0.0,0.6,0.0,0.0,0.0,0.0,5.1,0.0,0.0
St. Gallen,1984,43.4,28.5,46.0,14.6,0.5,0.0,1.4,0.0,0.0,0.0,0.0,7.5,0.0,0.0
St. Gallen,1988,39.8,26.6,42.7,14.2,0.4,0.0,1.9,0.0,0.0,0.0,0.0,6.2,3.7,0.0
St. Gallen,1992,42.5,23.8,37.7,14.5,0.0,0.0,1.7,0.0,2.4,0.0,0.0,5.2,11.7,0.0
St. Gallen,1996,37.1,23.6,33.8,15.2,9.8,0.0,1.8,0.0,2.1,0.0,0.0,3.0,6.6,0.0
St. Gallen,2000,37.8,21.1,31.7,16.1,22.6,0.0,2.0,0.0,1.8,0.0,0.0,0.6,0.0,0.0
St. Gallen,2004,34.5,18.8,28.7,17.1,24.6,0.0,1.8,0.0,5.6,0.0,0.0,0.0,0.0,0.0
St. Gallen,2008,35.3,18.3,26.1,13.3,30.5,0.0,2.0,0.0,4.8,2.4,0.0,0.0,0.0,0.0
St. Gallen,2012,37.6,18.4,20.1,15.1,25.4,0.0,1.7,0.0,5.8,4.4,2.4,0.0,0.0,0.0
St. Gallen,2016,45.3,20.3,18.4,12.3,29.5,0.0,1.5,0.0,4.7,2.4,1.1,0.0,0.0,0.0
St. Gallen,2020,32.7,18.3,21.7,11.2,26.9,0.0,0.9,0.0,7.5,5.0,0.0,0.0,0.0,0.0
Tessin,1975,70.5,39.0,34.3,12.9,2.9,0.0,0.0,2.7,0.0,0.0,0.0,0.0,0.0,0.0
Tessin,1979,71.6,39.1,33.8,12.9,3.2,0.0,0.0,2.6,0.0,0.0,0.0,0.0,0.0,0.0
Tessin,1983,72.0,38.5,33.5,12.6,3.4,0.0,0.0,1.9,0.0,0.0,0.0,0.0,0.0,0.0
Tessin,1987,72.1,36.5,31.1,12.1,2.1,0.0,0.0,1.6,1.9,0.0,0.0,0.0,0.0,0.0
Tessin,1991,72.2,32.7,29.5,9.5,1.6,0.0,0.0,0.0,1.1,0.0,0.0,0.0,0.0,0.0
Tessin,1995,71.9,32.6,27.7,16.0,1.2,0.0,0.0,1.2,1.2,0.0,0.0,0.0,0.0,0.0
Tessin,1999,65.7,31.8,25.5,16.4,2.8,0.0,0.0,0.8,1.5,0.0,0.0,0.0,0.0,0.0
Tessin,2003,59.4,31.8,25.8,17.6,5.8,0.0,0.0,0.7,2.4,0.0,0.0,0.0,0.0,0.0
Tessin,2007,62.1,29.3,23.2,19.0,4.6,0.0,0.0,1.0,4.1,0.0,0.0,0.0,0.0,0.0
Tessin,2011,58.5,25.2,20.5,15.1,5.8,0.0,0.0,0.0,7.6,0.0,0.0,0.0,0.0,0.0
Tessin,2015,62.3,26.7,18.6,14.6,5.8,0.0,0.0,0.4,6.0,0.4,0.0,0.0,0.0,0.0
Tessin,2019,59.3,25.3,17.6,14.5,6.8,0.0,0.2,0.0,6.6,1.0,0.0,0.0,0.0,0.0
Thurgau,1972,57.0,19.3,25.1,16.4,24.4,0.0,6.8,0.0,0.0,0.0,0.0,2.3,0.0,0.0
Thurgau,1976,50.3,17.8,24.2,19.3,26.1,0.0,6.0,0.0,0.0,0.0,0.0,3.8,0.0,0.0
Thurgau,1980,45.9,19.0,24.1,20.4,25.8,0.0,7.1,0.0,0.0,0.0,0.0,3.0,0.0,0.0
Thurgau,1984,41.8,18.7,22.9,16.2,25.2,0.0,6.5,0.0,4.5,0.0,0.0,4.1,0.0,0.0
Thurgau,1988,43.2,16.5,20.3,13.9,22.9,0.0,5.6,0.0,9.0,0.0,0.0,0.9,8.9,0.0
Thurgau,1992,39.8,16.9,19.4,15.3,21.7,0.0,5.5,0.0,8.1,0.0,0.0,0.0,9.8,0.0
Thurgau,1996,33.8,18.7,18.4,14.9,26.1,0.0,5.5,0.0,7.5,0.0,0.0,0.0,7.6,0.0
Thurgau,2000,31.6,19.6,19.3,15.7,29.7,0.0,5.3,0.0,7.2,0.0,0.0,0.0,2.0,0.0
Thurgau,2004,33.9,15.7,17.5,15.6,32.8,0.0,5.0,0.0,9.7,0.0,0.0,0.0,0.0,0.0
Thurgau,2008,33.9,14.5,15.9,12.8,36.4,0.0,5.0,0.0,9.0,2.0,0.0,0.0,0.0,0.0
Thurgau,2012,30.8,14.2,14.2,13.4,30.5,0.0,4.7,0.0,7.7,5.9,4.8,0.0,0.0,0.0
Thurgau,2016,30.4,15.6,13.4,13.1,32.6,0.0,4.9,0.0,7.4,5.2,3.1,0.0,0.0,0.0
Thurgau,2020,32.6,13.7,13.6,11.6,32.3,0.0,0.0,0.0,7.9,7.6,0.4,0.0,0.0,0.0
Uri,1972,0.0,25.0,67.2,7.8,0,0.0,0.0,0.0,0.0,0.0,0.0,0.0,0.0,0.0,0.0
Uri,1976,0.0,28.1,64.1,7.8,0.0,0.0,0.0,0.0,0.0,0.0,0.0,0.0,0.0,0.0
Uri,1980,0.0,29.7,62.5,7.8,0.0,0.0,0.0,0.0,0.0,0.0,0.0,0.0,0.0,0.0
Uri,1984,0.0,26.6,64.1,9.4,0.0,0.0,0.0,0.0,0.0,0.0,0.0,0.0,0.0,0.0
Uri,1988,0.0,26.6,64.1,9.4,0.0,0.0,0.0,0.0,0.0,0.0,0.0,0.0,0.0,0.0
Uri,1992,0.0,26.6,56.3,10.9,0.0,0.0,0.0,0.0,0.0,0.0,0.0,0.0,0.0,0.0
Uri,1996,0.0,29.7,57.8,12.5,0.0,0.0,0.0,0.0,0.0,0.0,0.0,0.0,0.0,0.0
Uri,2000,0.0,32.8,45.3,14.1,6.3,0.0,0.0,0.0,0.0,0.0,0.0,0.0,0.0,0.0
Uri,2004,48.5,23.4,45.3,12.5,14.1,0.0,0.0,0.0,0.0,0.0,0.0,0.0,0.0,0.0
Uri,2008,39.4,17.0,34.7,10.9,30.4,0.0,0.0,0.0,0.0,0.0,0.0,0.0,0.0,0.0
Uri,2012,49.2,20.3,36.6,14.1,24.6,0.0,0.0,0.0,0.0,0.0,0.0,0.0,0.0,0.0
Uri,2016,62.0,26.9,31.3,12.5,24.1,0.0,0.0,0.0,0.0,0.0,0.0,0.0,0.0,0.0
Uri,2020,44.9,21.1,30.9,9.4,24.6,0.0,0.0,0.0,0.7,0.0,0.0,0.0,0.0,0.0
Waadt,1974,41.6,31.9,3.5,25.8,8.7,16.0,0.0,7.8,1.3,0.0,0.0,0.0,0.0,0.0
Waadt,1978,40.2,30.3,4.3,29.8,7.9,18.4,0.0,6.4,2.4,0.0,0.0,0.0,0.0,0.0
Waadt,1982,37.1,30.7,3.2,27.9,7.8,21.5,0.0,3.5,4.0,0.0,0.0,0.0,0.0,0.0
Waadt,1986,33.0,30.1,2.7,25.0,7.8,22.3,0.0,2.1,4.0,0.0,0.0,0.0,0.0,0.0
Waadt,1990,29.8,31.9,2.5,26.2,8.4,21.7,0.0,1.9,5.9,0.0,0.0,0.3,0.0,0.0
Waadt,1994,30.1,30.7,2.2,28.3,7.8,20.8,0.0,3.5,5.1,0.0,0.0,0.0,0.0,0.0
Waadt,1998,31.1,28.4,1.6,24.2,8.9,18.9,0.0,5.8,6.0,0.0,0.0,0.0,0.0,0.0
Waadt,2002,43.2,23.9,2.2,23.8,11.9,16.4,0.0,4.5,10.0,0.0,0.0,0.0,0.0,0.0
Waadt,2007,40.9,20.2,0.4,22.5,15.6,14.7,0.0,0.0,15.9,0.0,0.0,0.0,0.0,0.0
Waadt,2012,40.6,24.2,0.0,24.6,17.1,6.0,0.2,0.2,12.6,0.8,0.0,0.0,0.0,0.0
Waadt,2012,40.6,24.2,0.0,24.6,17.1,6.0,0.2,0.2,12.6,0.8,0.0,0.0,0.0,0.0
Waadt,2017,38.9,33.1,0.0,23.4,15.8,0.0,0.0,0.6,13.8,2.2,0.0,0.0,0.0,0.0
Wallis,1973,68.2,19.3,59.8,11.1,0.0,0.0,0.0,0.0,0.0,0.0,0.0,0.2,0.0,0.0
Wallis,1977,73.5,19.3,60.2,11.7,0.0,0.0,0.0,0.0,0.0,0.0,0.0,0.0,0.0,0.0
Wallis,1981,64.0,23.8,57.2,10.7,0.0,0.0,0.0,0.0,0.0,0.0,0.0,0.0,0.0,0.0
Wallis,1985,67.1,25.0,57.8,10.3,0.0,3.0,0.0,0.0,0.0,0.0,0.0,0.0,0.0,0.0
Wallis,1989,64.7,23.8,58.3,12.8,0.0,2.8,0.0,0.0,0.4,0.0,0.0,0.0,0.0,0.0
Wallis,1993,67.8,24.0,55.8,14.2,0.0,6.1,0.0,0.0,0.0,0.0,0.0,0.0,0.0,0.0
Wallis,1997,60.4,24.8,53.6,17.0,0.0,4.5,0.0,0.0,0.0,0.0,0.0,0.0,0.0,0.0
Wallis,2001,62.9,20.3,54.1,13.5,4.6,1.2,0.0,0.0,0.0,0.0,0.0,0.0,0.0,0.0
Wallis,2005,54.1,19.4,53.2,8.0,6.4,1.4,0.0,0.0,0.0,0.0,0.0,0.0,0.0,0.0
Wallis,2009,54.6,22.3,48.5,7.0,11.5,0.0,0.0,0.0,0.5,0.0,0.0,0.0,0.0,0.0
Wallis,2013,67.0,21.6,43.8,4.8,17.2,0.0,0.0,0.0,3.2,0.0,0.0,0.0,0.0,0.0
Wallis,2017,57.5,20.2,41.7,3.3,16.4,0.0,0.0,0.0,6.7,0.0,0.0,0.0,0.0,0.0
Wallis,2021,59.5,19.7,38.5,1.0,16.9,0.0,0.0,0.0,9.1,0.6,0.0,0.0,0.0,0.0
Zug,1974,58.5,31.0,48.2,11.1,0.0,0.0,0.0,0.0,0.0,0.0,0.0,5.4,0.0,0.0
Zug,1978,54.8,29.5,47.5,14.5,0.0,0.0,0.0,0.0,0.0,0.0,0.0,2.7,0.0,0.0
Zug,1982,58.4,33.7,44.7,15.6,0.0,0.0,0.0,0.0,0.0,0.0,0.0,0.6,0.0,0.0
Zug,1986,53.6,34.2,44.2,14.2,0.0,0.0,0.0,0.0,0.0,0.0,0.0,0.0,0.0,0.0
Zug,1990,51.8,31.1,39.7,15.8,0.0,0.0,0.0,0.0,0.0,0.0,0.0,0.0,0.0,0.0
Zug,1994,48.7,31.9,34.9,12.4,8.6,0.0,0.0,0.0,0.0,0.0,0.0,0.0,0.0,0.0
Zug,1998,44.2,32.7,33.6,6.1,12.6,0.0,0.0,0.0,0.0,0.0,0.0,0.0,0.0,0.0
Zug,2002,47.5,26.1,29.0,8.3,21.3,0.0,0.0,0.0,0.0,0.0,0.0,0.0,0.0,0.0
Zug,2006,44.7,25.5,28.7,6.8,19.8,0.0,0.0,0.0,0.0,0.0,0.0,0.0,0.0,0.0
Zug,2010,43.6,23.2,26.5,9.1,22.7,0.0,0.0,0.0,6.5,3.9,0.0,0.0,0.0,0.0
Zug,2014,42.9,22.1,26.8,9.3,23.6,0.0,0.0,0.0,8.4,5.0,0.0,0.0,0.0,0.0
Zug,2018,43.5,20.9,25.6,11.8,22.4,0.0,0.0,0.0,9.6,5.3,0.0,0.0,0.0,0.0
Zürich,1975,43.3,21.2,11.2,21.8,16.4,0.0,7.3,1.0,0.0,0.0,0.0,10.9,0.0,0.0
Zürich,1979,40.1,24.8,11.0,25.1,17.5,0.0,7.2,0.8,0.3,0.0,0.0,8.3,0.0,0.0
Zürich,1983,38.1,24.7,11.3,19.9,17.0,0.0,7.5,0.3,3.2,0.0,0.0,7.3,0.0,0.0
Zürich,1987,45.8,23.0,8.8,17.2,15.8,0.0,6.2,0.2,10.4,0.0,0.0,6.4,0.0,0.0
Zürich,1991,39.3,23.4,7.7,19.3,19.4,0.0,5.4,0.0,10.3,0.0,0.0,4.2,2.4,0.0
Zürich,1995,38.2,22.5,6.4,21.5,21.1,0.0,5.5,0.0,8.8,0.0,0.0,4.7,3.1,0.0
Zürich,1999,38.0,19.6,6.7,22.1,28.9,0.2,5.0,0.0,5.7,0.0,0.0,2.4,1.3,0.0
Zürich,2003,34.8,16.7,6.4,26.5,30.3,0.0,5.1,0.0,7.9,0.0,0.0,0.0,0.1,0.0
Zürich,2007,34.2,16.0,7.2,19.5,30.5,0.0,5.2,0.0,10.4,5.8,0.0,0.0,0.0,0.0
Zürich,2011,38.2,12.9,4.9,19.3,29.6,0.0,3.8,0.0,10.6,10.3,3.5,0.0,0.0,0.0
Zürich,2015,32.7,17.3,4.9,19.7,30.0,0.0,4.3,0.0,7.2,7.6,2.6,0.0,0.0,0.0
Zürich,2019,33.5,15.7,4.3,19.3,24.5,0.0,4.2,0.2,11.9,12.9,1.5,0.0,0.0,0.0
